{
  "train_loss": [],
  "val_loss": [],
  "val": [],
  "test": [
    {
      "data": "downloads/silviolima/laptop.json",
      "aspect+sentiment+polarity": {
        "micro": {
          "precision": 0.4097123998114097,
          "recall": 0.3744075829383886,
          "f1": 0.3912651958577218
        }
      },
      "aspect": {
        "micro": {
          "precision": 0.5824579831932774,
          "recall": 0.5514669318746892,
          "f1": 0.5665389527458492
        },
        "soft": {
          "precision": 0.6046403712296984,
          "recall": 0.5599484314568114,
          "f1": 0.5814368585452923
        }
      },
      "sentiment": {
        "micro": {
          "precision": 0.7177914110429447,
          "recall": 0.6988551518168243,
          "f1": 0.7081967213114755
        }
      },
      "polarity": {
        "micro": {
          "precision": 0.858112695179905,
          "recall": 0.8359788359788359,
          "f1": 0.8469011725293133
        },
        "macro": {
          "macro": {
            "precision": 0.3569169746242917,
            "recall": 0.2769316825603772,
            "f1": 0.2794593989671483
          },
          "per_class": {
            "neutral": {
              "precision": 0.25,
              "recall": 0.008888888888888889,
              "f1": 0.017167381974248927
            },
            "positive": {
              "precision": 0.4101818181818182,
              "recall": 0.42058165548098436,
              "f1": 0.41531664212076586
            },
            "negative": {
              "precision": 0.4105691056910569,
              "recall": 0.4013245033112583,
              "f1": 0.40589417280643
            }
          }
        }
      }
    },
    {
      "data": "downloads/silviolima/beauty.json",
      "aspect+sentiment+polarity": {
        "micro": {
          "precision": 0.2533136966126657,
          "recall": 0.19690898683457356,
          "f1": 0.2215780998389694
        }
      },
      "aspect": {
        "micro": {
          "precision": 0.5604288499025342,
          "recall": 0.4078014184397163,
          "f1": 0.47208538587848936
        },
        "soft": {
          "precision": 0.4989231873653984,
          "recall": 0.3969160479725871,
          "f1": 0.44211195928753183
        }
      },
      "sentiment": {
        "micro": {
          "precision": 0.4207692307692308,
          "recall": 0.32520808561236625,
          "f1": 0.3668678739101275
        }
      },
      "polarity": {
        "micro": {
          "precision": 0.9329529243937232,
          "recall": 0.8504551365409623,
          "f1": 0.889795918367347
        },
        "macro": {
          "macro": {
            "precision": 0.2953861172155956,
            "recall": 0.11150747178769727,
            "f1": 0.1271243872293741
          },
          "per_class": {
            "neutral": {
              "precision": 0.5,
              "recall": 0.017241379310344827,
              "f1": 0.03333333333333333
            },
            "positive": {
              "precision": 0.27442650807136787,
              "recall": 0.21677852348993287,
              "f1": 0.24221972253468316
            },
            "negative": {
              "precision": 0.11173184357541899,
              "recall": 0.10050251256281408,
              "f1": 0.10582010582010583
            }
          }
        }
      }
    },
    {
      "data": "downloads/silviolima/book.json",
      "aspect+sentiment+polarity": {
        "micro": {
          "precision": 0.21948356807511737,
          "recall": 0.1919917864476386,
          "f1": 0.20481927710843373
        }
      },
      "aspect": {
        "micro": {
          "precision": 0.49122807017543857,
          "recall": 0.41025641025641024,
          "f1": 0.4471057884231537
        },
        "soft": {
          "precision": 0.484393063583815,
          "recall": 0.43018480492813144,
          "f1": 0.45568243610657966
        }
      },
      "sentiment": {
        "micro": {
          "precision": 0.39021329987452946,
          "recall": 0.3354908306364617,
          "f1": 0.3607888631090487
        }
      },
      "polarity": {
        "micro": {
          "precision": 0.9164677804295943,
          "recall": 0.8384279475982532,
          "f1": 0.8757126567844925
        },
        "macro": {
          "macro": {
            "precision": 0.11855816357862743,
            "recall": 0.1077969599403835,
            "f1": 0.11291726325837335
          },
          "per_class": {
            "neutral": {
              "precision": 0.0,
              "recall": 0.0,
              "f1": 0.0
            },
            "positive": {
              "precision": 0.23601637107776263,
              "recall": 0.2165206508135169,
              "f1": 0.22584856396866843
            },
            "negative": {
              "precision": 0.11965811965811966,
              "recall": 0.10687022900763359,
              "f1": 0.11290322580645162
            }
          }
        }
      }
    },
    {
      "data": "downloads/silviolima/electronics.json",
      "aspect+sentiment+polarity": {
        "micro": {
          "precision": 0.2085201793721973,
          "recall": 0.16783216783216784,
          "f1": 0.18597675290588675
        }
      },
      "aspect": {
        "micro": {
          "precision": 0.5025588536335721,
          "recall": 0.39248601119104715,
          "f1": 0.440754039497307
        },
        "soft": {
          "precision": 0.4880108991825613,
          "recall": 0.40346924983104304,
          "f1": 0.44173140954495005
        }
      },
      "sentiment": {
        "micro": {
          "precision": 0.3779086892488954,
          "recall": 0.3015984955336154,
          "f1": 0.33546868871747937
        }
      },
      "polarity": {
        "micro": {
          "precision": 0.9059873949579832,
          "recall": 0.8249641319942611,
          "f1": 0.8635794743429287
        },
        "macro": {
          "macro": {
            "precision": 0.16738556964169563,
            "recall": 0.09912513998050552,
            "f1": 0.10723359074221646
          },
          "per_class": {
            "neutral": {
              "precision": 0.16666666666666666,
              "recall": 0.005917159763313609,
              "f1": 0.011428571428571427
            },
            "positive": {
              "precision": 0.24012921751615218,
              "recall": 0.18882303132938189,
              "f1": 0.21140780534049614
            },
            "negative": {
              "precision": 0.09536082474226804,
              "recall": 0.10263522884882108,
              "f1": 0.09886439545758183
            }
          }
        }
      }
    },
    {
      "data": "downloads/silviolima/fashion.json",
      "aspect+sentiment+polarity": {
        "micro": {
          "precision": 0.22030825022665457,
          "recall": 0.18570882690103171,
          "f1": 0.2015343147418619
        }
      },
      "aspect": {
        "micro": {
          "precision": 0.5669431279620853,
          "recall": 0.42780509611086276,
          "f1": 0.48764331210191086
        },
        "soft": {
          "precision": 0.5119047619047619,
          "recall": 0.44279176201373,
          "f1": 0.47484662576687114
        }
      },
      "sentiment": {
        "micro": {
          "precision": 0.37156398104265403,
          "recall": 0.314859437751004,
          "f1": 0.3408695652173913
        }
      },
      "polarity": {
        "micro": {
          "precision": 0.8886054421768708,
          "recall": 0.8183241973375098,
          "f1": 0.852017937219731
        },
        "macro": {
          "macro": {
            "precision": 0.1194262925235441,
            "recall": 0.10683437330109298,
            "f1": 0.11266149444261032
          },
          "per_class": {
            "neutral": {
              "precision": 0.0,
              "recall": 0.0,
              "f1": 0.0
            },