{
  "train_loss": [],
  "val_loss": [],
  "val": [],
  "test": [
    {
      "data": "downloads/silviolima/laptop.json",
      "aspect+sentiment+polarity": {
        "micro": {
          "precision": 0.4253731343283582,
          "recall": 0.36837570012925464,
          "f1": 0.39482798429923804
        }
      },
      "aspect": {
        "micro": {
          "precision": 0.5883656509695291,
          "recall": 0.5280954748881154,
          "f1": 0.5566037735849056
        },
        "soft": {
          "precision": 0.6000988630746417,
          "recall": 0.5217017619252257,
          "f1": 0.55816091954023
        }
      },
      "sentiment": {
        "micro": {
          "precision": 0.7203842049092849,
          "recall": 0.6719761075161772,
          "f1": 0.6953386556785991
        }
      },
      "polarity": {
        "micro": {
          "precision": 0.8546075085324232,
          "recall": 0.828042328042328,
          "f1": 0.8411152166610681
        },
        "macro": {
          "macro": {
            "precision": 0.3518195585123259,
            "recall": 0.29001605009605363,
            "f1": 0.3138637027125188
          },
          "per_class": {
            "positive": {
              "precision": 0.4304897314375987,
              "recall": 0.4064131245339299,
              "f1": 0.4181051016494055
            },
            "neutral": {
              "precision": 0.17,
              "recall": 0.07555555555555556,
              "f1": 0.10461538461538461
            },
            "negative": {
              "precision": 0.4549689440993789,
              "recall": 0.3880794701986755,
              "f1": 0.4188706218727663
            }
          }
        }
      }
    },
    {
      "data": "downloads/silviolima/beauty.json",
      "aspect+sentiment+polarity": {
        "micro": {
          "precision": 0.20361990950226244,
          "recall": 0.15455065827132228,
          "f1": 0.1757240481614058
        }
      },
      "aspect": {
        "micro": {
          "precision": 0.47482724580454094,
          "recall": 0.34113475177304964,
          "f1": 0.39702847709451095
        },
        "soft": {
          "precision": 0.4537313432835821,
          "recall": 0.3472301541976014,
          "f1": 0.3934001941119379
        }
      },
      "sentiment": {
        "micro": {
          "precision": 0.41106719367588934,
          "recall": 0.3091557669441142,
          "f1": 0.35290125551408214
        }
      },
      "polarity": {
        "micro": {
          "precision": 0.9157142857142857,
          "recall": 0.8335500650195059,
          "f1": 0.8727025187202179
        },
        "macro": {
          "macro": {
            "precision": 0.129372691717861,
            "recall": 0.09321943358697367,
            "f1": 0.10720512478866666
          },
          "per_class": {
            "positive": {
              "precision": 0.22448979591836735,
              "recall": 0.1697986577181208,
              "f1": 0.19335116545662975
            },
            "neutral": {
              "precision": 0.07692307692307693,
              "recall": 0.034482758620689655,
              "f1": 0.04761904761904762
            },
            "negative": {
              "precision": 0.08670520231213873,
              "recall": 0.07537688442211055,
              "f1": 0.08064516129032256
            }
          }
        }
      }
    },
    {
      "data": "downloads/silviolima/book.json",
      "aspect+sentiment+polarity": {
        "micro": {
          "precision": 0.232620320855615,
          "recall": 0.17864476386036962,
          "f1": 0.20209059233449478
        }
      },
      "aspect": {
        "micro": {
          "precision": 0.4796747967479675,
          "recall": 0.3601953601953602,
          "f1": 0.41143654114365413
        },
        "soft": {
          "precision": 0.4767596281540505,
          "recall": 0.36858316221765913,
          "f1": 0.41574985524030106
        }
      },
      "sentiment": {
        "micro": {
          "precision": 0.4068767908309456,
          "recall": 0.3063646170442287,
          "f1": 0.3495384615384615
        }
      },
      "polarity": {
        "micro": {
          "precision": 0.9048780487804878,
          "recall": 0.8100436681222707,
          "f1": 0.8548387096774194
        },
        "macro": {
          "macro": {
            "precision": 0.12753384502242524,
            "recall": 0.10024617285601913,
            "f1": 0.1122542693358144
          },
          "per_class": {
            "positive": {
              "precision": 0.2551505546751189,
              "recall": 0.20150187734668334,
              "f1": 0.22517482517482518
            },
            "neutral": {
              "precision": 0.0,
              "recall": 0.0,
              "f1": 0.0
            },
            "negative": {
              "precision": 0.12745098039215685,
              "recall": 0.09923664122137404,
              "f1": 0.11158798283261802
            }
          }
        }
      }
    },
    {
      "data": "downloads/silviolima/electronics.json",
      "aspect+sentiment+polarity": {
        "micro": {
          "precision": 0.20822397200349957,
          "recall": 0.161064741709903,
          "f1": 0.18163317222080896
        }
      },
      "aspect": {
        "micro": {
          "precision": 0.4840900965319986,
          "recall": 0.3607780442312816,
          "f1": 0.4134351145038168
        },
        "soft": {
          "precision": 0.4784744293556776,
          "recall": 0.37305699481865284,
          "f1": 0.41924050632911397
        }
      },
      "sentiment": {
        "micro": {
          "precision": 0.3790647259213379,
          "recall": 0.28772919605077574,
          "f1": 0.3271415207804357
        }
      },
      "polarity": {
        "micro": {
          "precision": 0.8623900672529746,
          "recall": 0.7972262075561932,
          "f1": 0.8285288270377734
        },
        "macro": {
          "macro": {
            "precision": 0.12286382841347977,
            "recall": 0.0981809775043949,
            "f1": 0.10877872423585823
          },
          "per_class": {
            "positive": {
              "precision": 0.24585741811175338,
              "recall": 0.18007338413773638,
              "f1": 0.2078853046594982
            },
            "neutral": {
              "precision": 0.012121212121212121,
              "recall": 0.011834319526627219,
              "f1": 0.011976047904191617
            },
            "negative": {
              "precision": 0.11061285500747384,
              "recall": 0.10263522884882108,
              "f1": 0.1064748201438849
            }
          }
        }
      }
    },
    {
      "data": "downloads/silviolima/fashion.json",
      "aspect+sentiment+polarity": {
        "micro": {
          "precision": 0.2281648675171737,
          "recall": 0.1776843714176538,
          "f1": 0.19978517722878625
        }
      },
      "aspect": {
        "micro": {
          "precision": 0.5631746031746032,
          "recall": 0.3965131873044256,
          "f1": 0.4653725078698846
        },
        "soft": {
          "precision": 0.5172749391727494,
          "recall": 0.4054157131960336,
          "f1": 0.45456489202480216
        }
      },
      "sentiment": {
        "micro": {
          "precision": 0.37906137184115524,
          "recall": 0.29518072289156627,
          "f1": 0.3319033641905622
        }
      },
      "polarity": {
        "micro": {
          "precision": 0.8732517482517482,
          "recall": 0.7823022709475332,
          "f1": 0.8252788104089218
        },
        "macro": {
          "macro": {
            "precision": 0.13990480293247723,
            "recall": 0.10936778619926041,
            "f1": 0.12261543419178887
          },
          "per_class": {
            "positive": {
              "precision": 0.2756578947368421,
              "recall": 0.20866533864541834,