{
  "train_loss": [],
  "val_loss": [],
  "val": [],
  "test": [
    {
      "data": "downloads/silviolima/laptop.json",
      "aspect+sentiment+polarity": {
        "micro": {
          "precision": 0.37880184331797234,
          "recall": 0.35415769065058167,
          "f1": 0.3660654642618571
        }
      },
      "aspect": {
        "micro": {
          "precision": 0.5496342737722049,
          "recall": 0.5231228244654401,
          "f1": 0.5360509554140128
        },
        "soft": {
          "precision": 0.5616438356164384,
          "recall": 0.5285775676837129,
          "f1": 0.5446092539295994
        }
      },
      "sentiment": {
        "micro": {
          "precision": 0.7122266401590457,
          "recall": 0.713290194126431,
          "f1": 0.7127580203929371
        }
      },
      "polarity": {
        "micro": {
          "precision": 0.8587994542974079,
          "recall": 0.8326719576719577,
          "f1": 0.8455339153794492
        },
        "macro": {
          "macro": {
            "precision": 0.3129993857751084,
            "recall": 0.26127264915477727,
            "f1": 0.2635453067474777
          },
          "per_class": {
            "negative": {
              "precision": 0.38386648122392214,
              "recall": 0.3655629139072848,
              "f1": 0.37449118046132973
            },
            "positive": {
              "precision": 0.3786610878661088,
              "recall": 0.40492170022371365,
              "f1": 0.39135135135135135
            },
            "neutral": {
              "precision": 0.17647058823529413,
              "recall": 0.013333333333333334,
              "f1": 0.024793388429752067
            }
          }
        }
      }
    },
    {
      "data": "downloads/silviolima/beauty.json",
      "aspect+sentiment+polarity": {
        "micro": {
          "precision": 0.17740863787375416,
          "recall": 0.15283342873497424,
          "f1": 0.1642066420664207
        }
      },
      "aspect": {
        "micro": {
          "precision": 0.4754571703561116,
          "recall": 0.350354609929078,
          "f1": 0.40342997141690484
        },
        "soft": {
          "precision": 0.41007194244604317,
          "recall": 0.3580810965162764,
          "f1": 0.3823170731707317
        }
      },
      "sentiment": {
        "micro": {
          "precision": 0.38055555555555554,
          "recall": 0.3258026159334126,
          "f1": 0.35105701473414475
        }
      },
      "polarity": {
        "micro": {
          "precision": 0.9160739687055477,
          "recall": 0.8374512353706112,
          "f1": 0.875
        },
        "macro": {
          "macro": {
            "precision": 0.15258310871518418,
            "recall": 0.08412222339809826,
            "f1": 0.0923839335814553
          },
          "per_class": {
            "negative": {
              "precision": 0.06132075471698113,
              "recall": 0.06532663316582915,
              "f1": 0.06326034063260343
            },
            "positive": {
              "precision": 0.19642857142857142,
              "recall": 0.1697986577181208,
              "f1": 0.18214542836573072
            },
            "neutral": {
              "precision": 0.2,
              "recall": 0.017241379310344827,
              "f1": 0.031746031746031744
            }
          }
        }
      }
    },
    {
      "data": "downloads/silviolima/book.json",
      "aspect+sentiment+polarity": {
        "micro": {
          "precision": 0.19644839067702552,
          "recall": 0.18172484599589322,
          "f1": 0.1888
        }
      },
      "aspect": {
        "micro": {
          "precision": 0.4669479606188467,
          "recall": 0.4053724053724054,
          "f1": 0.4339869281045752
        },
        "soft": {
          "precision": 0.4403066812705367,
          "recall": 0.4127310061601643,
          "f1": 0.4260731319554849
        }
      },
      "sentiment": {
        "micro": {
          "precision": 0.38089622641509435,
          "recall": 0.3484358144552319,
          "f1": 0.3639436619718309
        }
      },
      "polarity": {
        "micro": {
          "precision": 0.9040767386091128,
          "recall": 0.8231441048034934,
          "f1": 0.8617142857142858
        },
        "macro": {
          "macro": {
            "precision": 0.1038954248366013,
            "recall": 0.09937039620135857,
            "f1": 0.10158248081841433
          },
          "per_class": {
            "negative": {
              "precision": 0.096,
              "recall": 0.0916030534351145,
              "f1": 0.09375
            },
            "positive": {
              "precision": 0.21568627450980393,
              "recall": 0.2065081351689612,
              "f1": 0.210997442455243
            },
            "neutral": {
              "precision": 0.0,
              "recall": 0.0,
              "f1": 0.0
            }
          }
        }
      }
    },
    {
      "data": "downloads/silviolima/electronics.json",
      "aspect+sentiment+polarity": {
        "micro": {
          "precision": 0.17199790246460409,
          "recall": 0.14798105120685767,
          "f1": 0.15908815326785497
        }
      },
      "aspect": {
        "micro": {
          "precision": 0.4616182572614108,
          "recall": 0.35571542765787373,
          "f1": 0.4018058690744921
        },
        "soft": {
          "precision": 0.4368231046931408,
          "recall": 0.38161748141473306,
          "f1": 0.40735842250811594
        }
      },
      "sentiment": {
        "micro": {
          "precision": 0.3524747060432048,
          "recall": 0.3030089327691584,
          "f1": 0.3258753634180255
        }
      },
      "polarity": {
        "micro": {
          "precision": 0.9014598540145985,
          "recall": 0.8268770923003348,
          "f1": 0.8625592417061612
        },
        "macro": {
          "macro": {
            "precision": 0.10338187225947625,
            "recall": 0.08679527907736051,
            "f1": 0.09215685766515612
          },
          "per_class": {
            "negative": {
              "precision": 0.08701657458563536,
              "recall": 0.08737864077669903,
              "f1": 0.08719723183391004
            },
            "positive": {
              "precision": 0.193717277486911,
              "recall": 0.16709003669206887,
              "f1": 0.17942112441278982
            },
            "neutral": {
              "precision": 0.029411764705882353,
              "recall": 0.005917159763313609,
              "f1": 0.009852216748768471
            }
          }
        }
      }
    },
    {
      "data": "downloads/silviolima/fashion.json",
      "aspect+sentiment+polarity": {
        "micro": {
          "precision": 0.16102783725910064,
          "recall": 0.14367596484524264,
          "f1": 0.1518578352180937
        }
      },
      "aspect": {
        "micro": {
          "precision": 0.49181322013341416,
          "recall": 0.36253911488600804,
          "f1": 0.41739577972207925
        },
        "soft": {
          "precision": 0.4289329396878954,
          "recall": 0.3878718535469107,
          "f1": 0.4073703184458241
        }
      },
      "sentiment": {
        "micro": {
          "precision": 0.3337765957446808,
          "recall": 0.3024096385542169,
          "f1": 0.3173198482932996
        }
      },
      "polarity": {
        "micro": {
          "precision": 0.8810949529512404,
          "recall": 0.8065779169929522,
          "f1": 0.8421913327882256
        },
        "macro": {
          "macro": {
            "precision": 0.11698233235139201,
            "recall": 0.08825006966965694,
            "f1": 0.09458457401706982
          },
          "per_class": {
            "negative": {
              "precision": 0.07905138339920949,
              "recall": 0.0814663951120163,
              "f1": 0.08024072216649951
            },