{
  "train_loss": [],
  "val_loss": [],
  "val": [],
  "test": [
    {
      "data": "downloads/silviolima/laptop.json",
      "aspect+sentiment+polarity": {
        "micro": {
          "precision": 0.42333333333333334,
          "recall": 0.3830245583800086,
          "f1": 0.40217145442207647
        }
      },
      "aspect": {
        "micro": {
          "precision": 0.5883289124668435,
          "recall": 0.5514669318746892,
          "f1": 0.5693018480492814
        },
        "soft": {
          "precision": 0.6116367076631978,
          "recall": 0.5556510528577567,
          "f1": 0.5823012834947083
        }
      },
      "sentiment": {
        "micro": {
          "precision": 0.7276946879834967,
          "recall": 0.7023394723743156,
          "f1": 0.7147922998986829
        }
      },
      "polarity": {
        "micro": {
          "precision": 0.8556841388699796,
          "recall": 0.8313492063492064,
          "f1": 0.8433411606843341
        },
        "macro": {
          "macro": {
            "precision": 0.34489201921453,
            "recall": 0.2914981241964663,
            "f1": 0.30420421614089305
          },
          "per_class": {
            "neutral": {
              "precision": 0.17307692307692307,
              "recall": 0.04,
              "f1": 0.06498194945848376
            },
            "positive": {
              "precision": 0.42718446601941745,
              "recall": 0.42654735272184935,
              "f1": 0.426865671641791
            },
            "negative": {
              "precision": 0.43441466854724964,
              "recall": 0.40794701986754967,
              "f1": 0.42076502732240434
            }
          }
        }
      }
    },
    {
      "data": "downloads/silviolima/beauty.json",
      "aspect+sentiment+polarity": {
        "micro": {
          "precision": 0.240981240981241,
          "recall": 0.19118488838008013,
          "f1": 0.21321417172039578
        }
      },
      "aspect": {
        "micro": {
          "precision": 0.5206093189964157,
          "recall": 0.41205673758865247,
          "f1": 0.46001583531274737
        },
        "soft": {
          "precision": 0.4835243553008596,
          "recall": 0.3854940034266134,
          "f1": 0.4289799809342231
        }
      },
      "sentiment": {
        "micro": {
          "precision": 0.4274867122247532,
          "recall": 0.3347205707491082,
          "f1": 0.37545848616205396
        }
      },
      "polarity": {
        "micro": {
          "precision": 0.9193776520509194,
          "recall": 0.8452535760728218,
          "f1": 0.8807588075880759
        },
        "macro": {
          "macro": {
            "precision": 0.15695193948618605,
            "recall": 0.10781900709285841,
            "f1": 0.11975195725000017
          },
          "per_class": {
            "neutral": {
              "precision": 0.1111111111111111,
              "recall": 0.017241379310344827,
              "f1": 0.029850746268656716
            },
            "positive": {
              "precision": 0.2688356164383562,
              "recall": 0.21073825503355706,
              "f1": 0.23626787057938303
            },
            "negative": {
              "precision": 0.09090909090909091,
              "recall": 0.09547738693467336,
              "f1": 0.09313725490196079
            }
          }
        }
      }
    },
    {
      "data": "downloads/silviolima/book.json",
      "aspect+sentiment+polarity": {
        "micro": {
          "precision": 0.24574209245742093,
          "recall": 0.20739219712525667,
          "f1": 0.22494432071269488
        }
      },
      "aspect": {
        "micro": {
          "precision": 0.4992679355783309,
          "recall": 0.4163614163614164,
          "f1": 0.45406125166444744
        },
        "soft": {
          "precision": 0.4945321992709599,
          "recall": 0.41786447638603696,
          "f1": 0.452977184195882
        }
      },
      "sentiment": {
        "micro": {
          "precision": 0.4116883116883117,
          "recall": 0.3419633225458468,
          "f1": 0.37360047142015324
        }
      },
      "polarity": {
        "micro": {
          "precision": 0.9214285714285714,
          "recall": 0.8449781659388647,
          "f1": 0.8815489749430525
        },
        "macro": {
          "macro": {
            "precision": 0.1322784601976551,
            "recall": 0.11618212332846083,
            "f1": 0.12370790383579366
          },
          "per_class": {
            "neutral": {
              "precision": 0.0,
              "recall": 0.0,
              "f1": 0.0
            },
            "positive": {
              "precision": 0.2675250357653791,
              "recall": 0.23404255319148937,
              "f1": 0.24966622162883848
            },
            "negative": {
              "precision": 0.12931034482758622,
              "recall": 0.11450381679389313,
              "f1": 0.1214574898785425
            }
          }
        }
      }
    },
    {
      "data": "downloads/silviolima/electronics.json",
      "aspect+sentiment+polarity": {
        "micro": {
          "precision": 0.22818026240730177,
          "recall": 0.18046469659372885,
          "f1": 0.20153671747071422
        }
      },
      "aspect": {
        "micro": {
          "precision": 0.510517529215359,
          "recall": 0.4074074074074074,
          "f1": 0.453171310017783
        },
        "soft": {
          "precision": 0.5162843387142453,
          "recall": 0.4106780806487948,
          "f1": 0.457465495608532
        }
      },
      "sentiment": {
        "micro": {
          "precision": 0.39616421935870544,
          "recall": 0.31076633756464506,
          "f1": 0.34830720590172576
        }
      },
      "polarity": {
        "micro": {
          "precision": 0.8861283643892339,
          "recall": 0.8187470109995217,
          "f1": 0.8511061396967438
        },
        "macro": {
          "macro": {
            "precision": 0.13522411234469284,
            "recall": 0.1066402877237735,
            "f1": 0.116898361326726
          },
          "per_class": {
            "neutral": {
              "precision": 0.0392156862745098,
              "recall": 0.011834319526627219,
              "f1": 0.01818181818181818
            },
            "positive": {
              "precision": 0.2701793721973094,
              "recall": 0.20406435224386113,
              "f1": 0.23251326579835985
            },
            "negative": {
              "precision": 0.0962772785622593,
              "recall": 0.10402219140083217,
              "f1": 0.09999999999999999
            }
          }
        }
      }
    },
    {
      "data": "downloads/silviolima/fashion.json",
      "aspect+sentiment+polarity": {
        "micro": {
          "precision": 0.222985347985348,
          "recall": 0.1860909438288116,
          "f1": 0.20287440116642366
        }
      },
      "aspect": {
        "micro": {
          "precision": 0.5314285714285715,
          "recall": 0.41573535985695126,
          "f1": 0.4665161775771257
        },
        "soft": {
          "precision": 0.5029532030895048,
          "recall": 0.42219679633867274,
          "f1": 0.45905038357868544
        }
      },
      "sentiment": {
        "micro": {
          "precision": 0.3904076738609113,
          "recall": 0.3269076305220884,
          "f1": 0.3558469945355192
        }
      },
      "polarity": {
        "micro": {
          "precision": 0.8819031435853866,
          "recall": 0.8128425998433829,
          "f1": 0.8459657701711493
        },
        "macro": {
          "macro": {
            "precision": 0.1373123499816229,
            "recall": 0.11077943624950186,
            "f1": 0.12079048040673866
          },
          "per_class": {
            "neutral": {
              "precision": 0.04878048780487805,
              "recall": 0.01694915254237288,