{
  "train_loss": [],
  "val_loss": [],
  "val": [],
  "test": [
    {
      "data": "downloads/ABSADatasets/datasets/aste_datasets/400.SemEval/402.Restaurant14/test.txt",
      "aspect+sentiment+polarity": {
        "micro": {
          "precision": 0.7014462809917356,
          "recall": 0.6837865055387714,
          "f1": 0.6925038245792963
        }
      },
      "aspect": {
        "micro": {
          "precision": 0.8319226118500604,
          "recall": 0.8122786304604487,
          "f1": 0.8219832735961767
        },
        "soft": {
          "precision": 0.8381443298969072,
          "recall": 0.8187311178247734,
          "f1": 0.8283239938869078
        }
      },
      "sentiment": {
        "micro": {
          "precision": 0.8430232558139535,
          "recall": 0.8579881656804734,
          "f1": 0.8504398826979472
        }
      },
      "polarity": {
        "micro": {
          "precision": 0.9197651663405088,
          "recall": 0.8918406072106262,
          "f1": 0.905587668593449
        },
        "macro": {
          "macro": {
            "precision": 0.5496314980849369,
            "recall": 0.49222857017441674,
            "f1": 0.5049213395800565
          },
          "per_class": {
            "neutral": {
              "precision": 0.30434782608695654,
              "recall": 0.10606060606060606,
              "f1": 0.15730337078651685
            },
            "positive": {
              "precision": 0.7306226175349428,
              "recall": 0.7448186528497409,
              "f1": 0.7376523412443874
            },
            "negative": {
              "precision": 0.6139240506329114,
              "recall": 0.6258064516129033,
              "f1": 0.6198083067092652
            }
          }
        }
      }
    },
    {
      "data": "downloads/ABSADatasets/datasets/aste_datasets/400.SemEval/401.Laptop14/test.txt",
      "aspect+sentiment+polarity": {
        "micro": {
          "precision": 0.4810126582278481,
          "recall": 0.4214417744916821,
          "f1": 0.4492610837438424
        }
      },
      "aspect": {
        "micro": {
          "precision": 0.6611374407582938,
          "recall": 0.6025917926565875,
          "f1": 0.6305084745762712
        },
        "soft": {
          "precision": 0.6877637130801688,
          "recall": 0.6003683241252302,
          "f1": 0.6411012782694199
        }
      },
      "sentiment": {
        "micro": {
          "precision": 0.7546296296296297,
          "recall": 0.6936170212765957,
          "f1": 0.7228381374722838
        }
      },
      "polarity": {
        "micro": {
          "precision": 0.8545454545454545,
          "recall": 0.815028901734104,
          "f1": 0.8343195266272189
        },
        "macro": {
          "macro": {
            "precision": 0.4046082175519161,
            "recall": 0.3316517790202001,
            "f1": 0.33343829376325124
          },
          "per_class": {
            "neutral": {
              "precision": 0.25,
              "recall": 0.015873015873015872,
              "f1": 0.029850746268656716
            },
            "positive": {
              "precision": 0.484149855907781,
              "recall": 0.46153846153846156,
              "f1": 0.4725738396624473
            },
            "negative": {
              "precision": 0.4796747967479675,
              "recall": 0.5175438596491229,
              "f1": 0.49789029535864976
            }
          }
        }
      }
    }
  ]
}