{
  "train_loss": [],
  "val_loss": [],
  "val": [],
  "test": [
    {
      "data": "downloads/ABSADatasets/datasets/aste_datasets/400.SemEval/402.Restaurant14/test.txt",
      "aspect+sentiment+polarity": {
        "micro": {
          "precision": 0.7206040992448759,
          "recall": 0.6727089627391742,
          "f1": 0.6958333333333333
        }
      },
      "aspect": {
        "micro": {
          "precision": 0.848180677540778,
          "recall": 0.7981109799291618,
          "f1": 0.8223844282238444
        },
        "soft": {
          "precision": 0.8651564185544768,
          "recall": 0.8076535750251762,
          "f1": 0.8354166666666666
        }
      },
      "sentiment": {
        "micro": {
          "precision": 0.8532219570405728,
          "recall": 0.8461538461538461,
          "f1": 0.8496732026143791
        }
      },
      "polarity": {
        "micro": {
          "precision": 0.9287128712871288,
          "recall": 0.889943074003795,
          "f1": 0.9089147286821705
        },
        "macro": {
          "macro": {
            "precision": 0.5817852279099576,
            "recall": 0.48919776065856624,
            "f1": 0.5156897586990907
          },
          "per_class": {
            "neutral": {
              "precision": 0.3333333333333333,
              "recall": 0.10606060606060606,
              "f1": 0.16091954022988506
            },
            "negative": {
              "precision": 0.6712328767123288,
              "recall": 0.632258064516129,
              "f1": 0.6511627906976744
            },
            "positive": {
              "precision": 0.7407894736842106,
              "recall": 0.7292746113989638,
              "f1": 0.7349869451697127
            }
          }
        }
      }
    },
    {
      "data": "downloads/ABSADatasets/datasets/aste_datasets/400.SemEval/401.Laptop14/test.txt",
      "aspect+sentiment+polarity": {
        "micro": {
          "precision": 0.4660831509846827,
          "recall": 0.39371534195933455,
          "f1": 0.4268537074148297
        }
      },
      "aspect": {
        "micro": {
          "precision": 0.6432038834951457,
          "recall": 0.572354211663067,
          "f1": 0.6057142857142858
        },
        "soft": {
          "precision": 0.6717724288840262,
          "recall": 0.565377532228361,
          "f1": 0.614
        }
      },
      "sentiment": {
        "micro": {
          "precision": 0.7811764705882352,
          "recall": 0.7063829787234043,
          "f1": 0.7418994413407821
        }
      },
      "polarity": {
        "micro": {
          "precision": 0.8459214501510574,
          "recall": 0.8092485549132948,
          "f1": 0.827178729689808
        },
        "macro": {
          "macro": {
            "precision": 0.35850661019124636,
            "recall": 0.3018497097444466,
            "f1": 0.3157503074251087
          },
          "per_class": {
            "neutral": {
              "precision": 0.125,
              "recall": 0.015873015873015872,
              "f1": 0.02816901408450704
            },
            "negative": {
              "precision": 0.4811320754716981,
              "recall": 0.4473684210526316,
              "f1": 0.4636363636363636
            },
            "positive": {
              "precision": 0.46938775510204084,
              "recall": 0.4423076923076923,
              "f1": 0.4554455445544554
            }
          }
        }
      }
    }
  ]
}