{
  "train_loss": [],
  "val_loss": [],
  "val": [],
  "test": [
    {
      "data": "downloads/ABSADatasets/datasets/aste_datasets/400.SemEval/402.Restaurant14/test.txt",
      "aspect+sentiment+polarity": {
        "micro": {
          "precision": 0.6862539349422875,
          "recall": 0.6579476861167002,
          "f1": 0.6718027734976887
        }
      }
    },
    {
      "data": "downloads/ABSADatasets/datasets/aste_datasets/400.SemEval/401.Laptop14/test.txt",
      "aspect+sentiment+polarity": {
        "micro": {
          "precision": 0.4684317718940937,
          "recall": 0.42513863216266173,
          "f1": 0.44573643410852715
        }
      }
    }
  ]
}