{
  "train_loss": [],
  "val_loss": [],
  "val": [],
  "test": [
    {
      "data": "downloads/silviolima/laptop.json",
      "aspect+sentiment+polarity": {
        "micro": {
          "precision": 0.4276315789473684,
          "recall": 0.39207238259370963,
          "f1": 0.4090806922904024
        }
      },
      "aspect": {
        "micro": {
          "precision": 0.5931321540062435,
          "recall": 0.5668821481849826,
          "f1": 0.5797101449275363
        },
        "soft": {
          "precision": 0.6226679104477612,
          "recall": 0.573700042973786,
          "f1": 0.5971818385148737
        }
      },
      "sentiment": {
        "micro": {
          "precision": 0.7274135260712442,
          "recall": 0.7013439522150323,
          "f1": 0.7141409021794223
        }
      },
      "polarity": {
        "micro": {
          "precision": 0.8536585365853658,
          "recall": 0.8333333333333334,
          "f1": 0.8433734939759037
        },
        "macro": {
          "macro": {
            "precision": 0.3401645917278,
            "recall": 0.2969110396676066,
            "f1": 0.30808551689004154
          },
          "per_class": {
            "negative": {
              "precision": 0.43829787234042555,
              "recall": 0.40927152317880794,
              "f1": 0.42328767123287675
            },
            "positive": {
              "precision": 0.434654919236417,
              "recall": 0.44146159582401195,
              "f1": 0.43803181650018497
            },
            "neutral": {
              "precision": 0.14754098360655737,
              "recall": 0.04,
              "f1": 0.06293706293706293
            }
          }
        }
      }
    },
    {
      "data": "downloads/silviolima/beauty.json",
      "aspect+sentiment+polarity": {
        "micro": {
          "precision": 0.2297486033519553,
          "recall": 0.18832283915283343,
          "f1": 0.2069833280905945
        }
      },
      "aspect": {
        "micro": {
          "precision": 0.4973544973544973,
          "recall": 0.4,
          "f1": 0.44339622641509435
        },
        "soft": {
          "precision": 0.470873786407767,
          "recall": 0.3877784123358081,
          "f1": 0.42530535546507986
        }
      },
      "sentiment": {
        "micro": {
          "precision": 0.41232575201760824,
          "recall": 0.3341260404280618,
          "f1": 0.36912972085385876
        }
      },
      "polarity": {
        "micro": {
          "precision": 0.9122562674094707,
          "recall": 0.8517555266579974,
          "f1": 0.8809683927370544
        },
        "macro": {
          "macro": {
            "precision": 0.15131834582292533,
            "recall": 0.11657783633898879,
            "f1": 0.12829796817481723
          },
          "per_class": {
            "negative": {
              "precision": 0.10476190476190476,
              "recall": 0.11055276381909548,
              "f1": 0.10757946210268951
            },
            "positive": {
              "precision": 0.253955037468776,
              "recall": 0.20469798657718122,
              "f1": 0.22668153102935712
            },
            "neutral": {
              "precision": 0.09523809523809523,
              "recall": 0.034482758620689655,
              "f1": 0.050632911392405056
            }
          }
        }
      }
    },
    {
      "data": "downloads/silviolima/book.json",
      "aspect+sentiment+polarity": {
        "micro": {
          "precision": 0.2342449464922711,
          "recall": 0.20225872689938398,
          "f1": 0.21707988980716253
        }
      },
      "aspect": {
        "micro": {
          "precision": 0.4886685552407932,
          "recall": 0.42124542124542125,
          "f1": 0.4524590163934426
        },
        "soft": {
          "precision": 0.4911452184179457,
          "recall": 0.4271047227926078,
          "f1": 0.45689181768259196
        }
      },
      "sentiment": {
        "micro": {
          "precision": 0.41296060991105465,
          "recall": 0.3505933117583603,
          "f1": 0.37922987164527416
        }
      },
      "polarity": {
        "micro": {
          "precision": 0.9084507042253521,
          "recall": 0.8449781659388647,
          "f1": 0.8755656108597286
        },
        "macro": {
          "macro": {
            "precision": 0.12506994069029465,
            "recall": 0.11196884145894836,
            "f1": 0.11815568108474288
          },
          "per_class": {
            "negative": {
              "precision": 0.1206896551724138,
              "recall": 0.10687022900763359,
              "f1": 0.11336032388663968
            },
            "positive": {
              "precision": 0.2545201668984701,
              "recall": 0.22903629536921152,
              "f1": 0.24110671936758893
            },
            "neutral": {
              "precision": 0.0,
              "recall": 0.0,
              "f1": 0.0
            }
          }
        }
      }
    },
    {
      "data": "downloads/silviolima/electronics.json",
      "aspect+sentiment+polarity": {
        "micro": {
          "precision": 0.2217343578485181,
          "recall": 0.18226934355966615,
          "f1": 0.20007428500680946
        }
      },
      "aspect": {
        "micro": {
          "precision": 0.5008130081300813,
          "recall": 0.41033839594990673,
          "f1": 0.4510837727006444
        },
        "soft": {
          "precision": 0.5072148107813776,
          "recall": 0.41968911917098445,
          "f1": 0.459319526627219
        }
      },
      "sentiment": {
        "micro": {
          "precision": 0.38664731494920174,
          "recall": 0.3131170662905501,
          "f1": 0.3460189635017535
        }
      },
      "polarity": {
        "micro": {
          "precision": 0.8769700050838841,
          "recall": 0.8249641319942611,
          "f1": 0.8501724987678658
        },
        "macro": {
          "macro": {
            "precision": 0.1261392314215157,
            "recall": 0.10735583430082275,
            "f1": 0.11465773765349968
          },
          "per_class": {
            "negative": {
              "precision": 0.1008827238335435,
              "recall": 0.11095700416088766,
              "f1": 0.10568031704095113
            },
            "positive": {
              "precision": 0.2602935911206588,
              "recall": 0.205193338978267,
              "f1": 0.22948232323232323
            },
            "neutral": {
              "precision": 0.017241379310344827,
              "recall": 0.005917159763313609,
              "f1": 0.00881057268722467
            }
          }
        }
      }
    },
    {
      "data": "downloads/silviolima/fashion.json",
      "aspect+sentiment+polarity": {
        "micro": {
          "precision": 0.22476446837146702,
          "recall": 0.19144058081773022,
          "f1": 0.20676846884028066
        }
      },
      "aspect": {
        "micro": {
          "precision": 0.5461756373937677,
          "recall": 0.4309342869915065,
          "f1": 0.48175912043978014
        },
        "soft": {
          "precision": 0.5102586975914363,
          "recall": 0.43630816170861936,
          "f1": 0.4703947368421053
        }
      },
      "sentiment": {
        "micro": {
          "precision": 0.3803418803418803,
          "recall": 0.3216867469879518,
          "f1": 0.3485639686684073
        }
      },
      "polarity": {
        "micro": {
          "precision": 0.8810126582278481,
          "recall": 0.8175411119812059,
          "f1": 0.8480909829406986
        },
        "macro": {
          "macro": {
            "precision": 0.12884137921464608,
            "recall": 0.11095750130296812,
            "f1": 0.11858026361401845
          },
          "per_class": {
            "negative": {
              "precision": 0.09979633401221996,
              "recall": 0.09979633401221996,
              "f1": 0.09979633401221996
            },