{
  "train_loss": [],
  "val_loss": [],
  "val": [],
  "test": [
    {
      "data": "downloads/silviolima/laptop.json",
      "aspect+sentiment+polarity": {
        "micro": {
          "precision": 0.4271075919888216,
          "recall": 0.3950883239982766,
          "f1": 0.41047448522829005
        }
      },
      "aspect": {
        "micro": {
          "precision": 0.5909805977975878,
          "recall": 0.5604177026355047,
          "f1": 0.5752935171005615
        },
        "soft": {
          "precision": 0.6097447795823666,
          "recall": 0.5646755479157713,
          "f1": 0.5863453815261044
        }
      },
      "sentiment": {
        "micro": {
          "precision": 0.7249618708693442,
          "recall": 0.7098058735689398,
          "f1": 0.7173038229376258
        }
      },
      "polarity": {
        "micro": {
          "precision": 0.8496644295302014,
          "recall": 0.8373015873015873,
          "f1": 0.8434377081945369
        },
        "macro": {
          "macro": {
            "precision": 0.35861979875101824,
            "recall": 0.3070131512017818,
            "f1": 0.32093249638921345
          },
          "per_class": {
            "negative": {
              "precision": 0.4361111111111111,
              "recall": 0.41589403973509936,
              "f1": 0.42576271186440673
            },
            "neutral": {
              "precision": 0.2054794520547945,
              "recall": 0.06666666666666667,
              "f1": 0.10067114093959732
            },
            "positive": {
              "precision": 0.4342688330871492,
              "recall": 0.43847874720357943,
              "f1": 0.4363636363636364
            }
          }
        }
      }
    },
    {
      "data": "downloads/silviolima/beauty.json",
      "aspect+sentiment+polarity": {
        "micro": {
          "precision": 0.2310252996005326,
          "recall": 0.1986262163709216,
          "f1": 0.21360418590335487
        }
      },
      "aspect": {
        "micro": {
          "precision": 0.5052447552447552,
          "recall": 0.4099290780141844,
          "f1": 0.4526233359436178
        },
        "soft": {
          "precision": 0.4656992084432718,
          "recall": 0.40319817247287265,
          "f1": 0.4322007958371595
        }
      },
      "sentiment": {
        "micro": {
          "precision": 0.399581589958159,
          "recall": 0.34066587395957193,
          "f1": 0.36777920410783055
        }
      },
      "polarity": {
        "micro": {
          "precision": 0.885752688172043,
          "recall": 0.8569570871261378,
          "f1": 0.8711169861202909
        },
        "macro": {
          "macro": {
            "precision": 0.12726068025493784,
            "recall": 0.10927595626826565,
            "f1": 0.11509283587106965
          },
          "per_class": {
            "negative": {
              "precision": 0.06923076923076923,
              "recall": 0.09045226130653267,
              "f1": 0.07843137254901962
            },
            "neutral": {
              "precision": 0.043478260869565216,
              "recall": 0.017241379310344827,
              "f1": 0.024691358024691357
            },
            "positive": {
              "precision": 0.2690730106644791,
              "recall": 0.22013422818791947,
              "f1": 0.24215577703949798
            }
          }
        }
      }
    },
    {
      "data": "downloads/silviolima/book.json",
      "aspect+sentiment+polarity": {
        "micro": {
          "precision": 0.22383073496659242,
          "recall": 0.20636550308008214,
          "f1": 0.21474358974358973
        }
      },
      "aspect": {
        "micro": {
          "precision": 0.44536652835408025,
          "recall": 0.39316239316239315,
          "f1": 0.4176394293125811
        },
        "soft": {
          "precision": 0.44629014396456257,
          "recall": 0.4137577002053388,
          "f1": 0.42940863079381997
        }
      },
      "sentiment": {
        "micro": {
          "precision": 0.40456182472989194,
          "recall": 0.3635382955771305,
          "f1": 0.38295454545454544
        }
      },
      "polarity": {
        "micro": {
          "precision": 0.9009216589861752,
          "recall": 0.8537117903930131,
          "f1": 0.8766816143497759
        },
        "macro": {
          "macro": {
            "precision": 0.1204461194349971,
            "recall": 0.11576493517660436,
            "f1": 0.11805075540633948
          },
          "per_class": {
            "negative": {
              "precision": 0.11627906976744186,
              "recall": 0.11450381679389313,
              "f1": 0.11538461538461538
            },
            "neutral": {
              "precision": 0.0,
              "recall": 0.0,
              "f1": 0.0
            },
            "positive": {
              "precision": 0.2450592885375494,
              "recall": 0.2327909887359199,
              "f1": 0.2387676508344031
            }
          }
        }
      }
    },
    {
      "data": "downloads/silviolima/electronics.json",
      "aspect+sentiment+polarity": {
        "micro": {
          "precision": 0.2163561076604555,
          "recall": 0.18858560794044665,
          "f1": 0.20151862118838135
        }
      },
      "aspect": {
        "micro": {
          "precision": 0.4765331664580726,
          "recall": 0.40580868638422596,
          "f1": 0.4383364512879551
        },
        "soft": {
          "precision": 0.4747371120800205,
          "recall": 0.4169858076143276,
          "f1": 0.443991364835692
        }
      },
      "sentiment": {
        "micro": {
          "precision": 0.3818281636014274,
          "recall": 0.32698636577338974,
          "f1": 0.35228567810560973
        }
      },
      "polarity": {
        "micro": {
          "precision": 0.8669975186104218,
          "recall": 0.8354854136776662,
          "f1": 0.850949829517779
        },
        "macro": {
          "macro": {
            "precision": 0.12776259263272954,
            "recall": 0.11628730451464568,
            "f1": 0.12057695924298022
          },
          "per_class": {
            "negative": {
              "precision": 0.10760233918128655,
              "recall": 0.1276005547850208,
              "f1": 0.116751269035533
            },
            "neutral": {
              "precision": 0.021052631578947368,
              "recall": 0.011834319526627219,
              "f1": 0.01515151515151515
            },
            "positive": {
              "precision": 0.2546328071379547,
              "recall": 0.20942703923228903,
              "f1": 0.22982809354189251
            }
          }
        }
      }
    },
    {
      "data": "downloads/silviolima/fashion.json",
      "aspect+sentiment+polarity": {
        "micro": {
          "precision": 0.22464083587287767,
          "recall": 0.19717233473442874,
          "f1": 0.21001221001221002
        }
      },
      "aspect": {
        "micro": {
          "precision": 0.5492957746478874,
          "recall": 0.43585158694680376,
          "f1": 0.48604187437686946
        },
        "soft": {
          "precision": 0.5021663778162911,
          "recall": 0.4420289855072464,
          "f1": 0.47018255578093304
        }
      },
      "sentiment": {
        "micro": {
          "precision": 0.3745973308789692,
          "recall": 0.3269076305220884,
          "f1": 0.34913146043319754
        }
      },
      "polarity": {
        "micro": {
          "precision": 0.8641259320629661,
          "recall": 0.8167580266249022,
          "f1": 0.8397745571658615
        },
        "macro": {
          "macro": {
            "precision": 0.14138455607881797,
            "recall": 0.1219369934165555,
            "f1": 0.13013613739902452
          },
          "per_class": {
            "negative": {
              "precision": 0.09746588693957114,
              "recall": 0.10183299389002037,