{
  "train_loss": [],
  "val_loss": [],
  "val": [],
  "test": [
    {
      "data": "downloads/silviolima/laptop.json",
      "aspect+sentiment+polarity": {
        "micro": {
          "precision": 0.4112636062470421,
          "recall": 0.3744075829383886,
          "f1": 0.3919711321605774
        }
      },
      "aspect": {
        "micro": {
          "precision": 0.5737704918032787,
          "recall": 0.5395325708602685,
          "f1": 0.5561250640697079
        },
        "soft": {
          "precision": 0.5949128591615638,
          "recall": 0.5427589170605931,
          "f1": 0.5676404494382022
        }
      },
      "sentiment": {
        "micro": {
          "precision": 0.7247333671914677,
          "recall": 0.7103036336485814,
          "f1": 0.7174459527400703
        }
      },
      "polarity": {
        "micro": {
          "precision": 0.8670756646216768,
          "recall": 0.8412698412698413,
          "f1": 0.8539778449144008
        },
        "macro": {
          "macro": {
            "precision": 0.3613471546091794,
            "recall": 0.2882208098137695,
            "f1": 0.3021309971274093
          },
          "per_class": {
            "positive": {
              "precision": 0.40946045824094607,
              "recall": 0.41312453392990306,
              "f1": 0.41128433556050487
            },
            "negative": {
              "precision": 0.4245810055865922,
              "recall": 0.40264900662251657,
              "f1": 0.41332426920462273
            },
            "neutral": {
              "precision": 0.25,
              "recall": 0.04888888888888889,
              "f1": 0.08178438661710039
            }
          }
        }
      }
    },
    {
      "data": "downloads/silviolima/beauty.json",
      "aspect+sentiment+polarity": {
        "micro": {
          "precision": 0.21552321552321552,
          "recall": 0.17801946193474527,
          "f1": 0.19498432601880875
        }
      },
      "aspect": {
        "micro": {
          "precision": 0.49867139061116034,
          "recall": 0.399290780141844,
          "f1": 0.44348168570303276
        },
        "soft": {
          "precision": 0.4684931506849315,
          "recall": 0.3906339234723015,
          "f1": 0.4260355029585799
        }
      },
      "sentiment": {
        "micro": {
          "precision": 0.39681390296886315,
          "recall": 0.3258026159334126,
          "f1": 0.3578191315703559
        }
      },
      "polarity": {
        "micro": {
          "precision": 0.9121338912133892,
          "recall": 0.8504551365409623,
          "f1": 0.8802153432032301
        },
        "macro": {
          "macro": {
            "precision": 0.13493378092861297,
            "recall": 0.10267359322261232,
            "f1": 0.11170452338301674
          },
          "per_class": {
            "positive": {
              "precision": 0.23950617283950618,
              "recall": 0.1953020134228188,
              "f1": 0.21515711645101665
            },
            "neutral": {
              "precision": 0.07692307692307693,
              "recall": 0.017241379310344827,
              "f1": 0.028169014084507043
            },
            "negative": {
              "precision": 0.08837209302325581,
              "recall": 0.09547738693467336,
              "f1": 0.09178743961352656
            }
          }
        }
      }
    },
    {
      "data": "downloads/silviolima/book.json",
      "aspect+sentiment+polarity": {
        "micro": {
          "precision": 0.2323943661971831,
          "recall": 0.2032854209445585,
          "f1": 0.21686746987951805
        }
      },
      "aspect": {
        "micro": {
          "precision": 0.48493543758967,
          "recall": 0.4126984126984127,
          "f1": 0.445910290237467
        },
        "soft": {
          "precision": 0.477751756440281,
          "recall": 0.4188911704312115,
          "f1": 0.44638949671772427
        }
      },
      "sentiment": {
        "micro": {
          "precision": 0.40248447204968946,
          "recall": 0.34951456310679613,
          "f1": 0.37413394919168597
        }
      },
      "polarity": {
        "micro": {
          "precision": 0.9056603773584906,
          "recall": 0.8384279475982532,
          "f1": 0.8707482993197279
        },
        "macro": {
          "macro": {
            "precision": 0.12514580903182804,
            "recall": 0.1166407118312649,
            "f1": 0.12057021746073222
          },
          "per_class": {
            "positive": {
              "precision": 0.2577903682719547,
              "recall": 0.22778473091364204,
              "f1": 0.24186046511627907
            },
            "neutral": {
              "precision": 0.0,
              "recall": 0.0,
              "f1": 0.0
            },
            "negative": {
              "precision": 0.11764705882352941,
              "recall": 0.12213740458015267,
              "f1": 0.11985018726591759
            }
          }
        }
      }
    },
    {
      "data": "downloads/silviolima/electronics.json",
      "aspect+sentiment+polarity": {
        "micro": {
          "precision": 0.2050163576881134,
          "recall": 0.16963681479810513,
          "f1": 0.18565609184051352
        }
      },
      "aspect": {
        "micro": {
          "precision": 0.47939829954218444,
          "recall": 0.39062083666400216,
          "f1": 0.4304801057113493
        },
        "soft": {
          "precision": 0.47388260635433493,
          "recall": 0.396485694976346,
          "f1": 0.4317429167177726
        }
      },
      "sentiment": {
        "micro": {
          "precision": 0.37760639817195085,
          "recall": 0.31076633756464506,
          "f1": 0.34094132817537076
        }
      },
      "polarity": {
        "micro": {
          "precision": 0.880589430894309,
          "recall": 0.8287900526064084,
          "f1": 0.8539049026853904
        },
        "macro": {
          "macro": {
            "precision": 0.12433536151310688,
            "recall": 0.10212434078615003,
            "f1": 0.10961184733833955
          },
          "per_class": {
            "positive": {
              "precision": 0.2402990388038448,
              "recall": 0.1905165114309907,
              "f1": 0.2125314861460957
            },
            "negative": {
              "precision": 0.09270704573547589,
              "recall": 0.10402219140083217,
              "f1": 0.0980392156862745
            },
            "neutral": {
              "precision": 0.04,
              "recall": 0.011834319526627219,
              "f1": 0.0182648401826484
            }
          }
        }
      }
    },
    {
      "data": "downloads/silviolima/fashion.json",
      "aspect+sentiment+polarity": {
        "micro": {
          "precision": 0.20593368237347295,
          "recall": 0.1803591899121131,
          "f1": 0.19229985740476677
        }
      },
      "aspect": {
        "micro": {
          "precision": 0.51,
          "recall": 0.41037103263299063,
          "f1": 0.4547931632400298
        },
        "soft": {
          "precision": 0.47856214811606756,
          "recall": 0.42143401983218914,
          "f1": 0.4481849523423241
        }
      },
      "sentiment": {
        "micro": {
          "precision": 0.36880400181900863,
          "recall": 0.3257028112449799,
          "f1": 0.34591597355512904
        }
      },
      "polarity": {
        "micro": {
          "precision": 0.8743760399334443,
          "recall": 0.8230227094753328,
          "f1": 0.8479225494150868
        },
        "macro": {
          "macro": {
            "precision": 0.12432853791268568,
            "recall": 0.10777651243897345,
            "f1": 0.114498176614504
          },
          "per_class": {
            "positive": {
              "precision": 0.2449334105385061,
              "recall": 0.2106573705179283,
              "f1": 0.22650602409638557
            },