{
  "train_loss": [],
  "val_loss": [],
  "val": [],
  "test": [
    {
      "data": "downloads/silviolima/laptop.json",
      "aspect+sentiment+polarity": {
        "micro": {
          "precision": 0.41376015289058765,
          "recall": 0.3731150366221456,
          "f1": 0.39238785681921157
        }
      },
      "aspect": {
        "micro": {
          "precision": 0.5805763073639274,
          "recall": 0.5410243659870712,
          "f1": 0.5601029601029601
        },
        "soft": {
          "precision": 0.5986717267552182,
          "recall": 0.5423291792006876,
          "f1": 0.5691093573844419
        }
      },
      "sentiment": {
        "micro": {
          "precision": 0.7276946879834967,
          "recall": 0.7023394723743156,
          "f1": 0.7147922998986829
        }
      },
      "polarity": {
        "micro": {
          "precision": 0.8583106267029973,
          "recall": 0.8333333333333334,
          "f1": 0.8456375838926175
        },
        "macro": {
          "macro": {
            "precision": 0.3490258522465906,
            "recall": 0.2870139084370828,
            "f1": 0.3013421763123597
          },
          "per_class": {
            "negative": {
              "precision": 0.43812233285917496,
              "recall": 0.40794701986754967,
              "f1": 0.42249657064471874
            },
            "positive": {
              "precision": 0.408955223880597,
              "recall": 0.4086502609992543,
              "f1": 0.40880268556508764
            },
            "neutral": {
              "precision": 0.2,
              "recall": 0.044444444444444446,
              "f1": 0.07272727272727272
            }
          }
        }
      }
    },
    {
      "data": "downloads/silviolima/beauty.json",
      "aspect+sentiment+polarity": {
        "micro": {
          "precision": 0.2275618374558304,
          "recall": 0.18431597023468804,
          "f1": 0.20366856419987353
        }
      },
      "aspect": {
        "micro": {
          "precision": 0.499546690843155,
          "recall": 0.39078014184397164,
          "f1": 0.4385196975726224
        },
        "soft": {
          "precision": 0.4688593421973408,
          "recall": 0.3826384922901199,
          "f1": 0.42138364779874216
        }
      },
      "sentiment": {
        "micro": {
          "precision": 0.41814159292035397,
          "recall": 0.3370986920332937,
          "f1": 0.3732718894009216
        }
      },
      "polarity": {
        "micro": {
          "precision": 0.9178470254957507,
          "recall": 0.8426527958387516,
          "f1": 0.8786440677966101
        },
        "macro": {
          "macro": {
            "precision": 0.1498199275608861,
            "recall": 0.1077551996656894,
            "f1": 0.12116838106572964
          },
          "per_class": {
            "neutral": {
              "precision": 0.1111111111111111,
              "recall": 0.034482758620689655,
              "f1": 0.05263157894736842
            },
            "positive": {
              "precision": 0.25292153589315525,
              "recall": 0.20335570469798658,
              "f1": 0.22544642857142855
            },
            "negative": {
              "precision": 0.08542713567839195,
              "recall": 0.08542713567839195,
              "f1": 0.08542713567839195
            }
          }
        }
      }
    },
    {
      "data": "downloads/silviolima/book.json",
      "aspect+sentiment+polarity": {
        "micro": {
          "precision": 0.24641148325358853,
          "recall": 0.21149897330595482,
          "f1": 0.2276243093922652
        }
      },
      "aspect": {
        "micro": {
          "precision": 0.5102339181286549,
          "recall": 0.4261294261294261,
          "f1": 0.4644045242847638
        },
        "soft": {
          "precision": 0.4982078853046595,
          "recall": 0.42813141683778233,
          "f1": 0.4605190502484815
        }
      },
      "sentiment": {
        "micro": {
          "precision": 0.41132075471698115,
          "recall": 0.35275080906148865,
          "f1": 0.3797909407665505
        }
      },
      "polarity": {
        "micro": {
          "precision": 0.9238095238095239,
          "recall": 0.8471615720524017,
          "f1": 0.8838268792710706
        },
        "macro": {
          "macro": {
            "precision": 0.1300633361000815,
            "recall": 0.11785087593588678,
            "f1": 0.12359202392203646
          },
          "per_class": {
            "neutral": {
              "precision": 0.0,
              "recall": 0.0,
              "f1": 0.0
            },
            "positive": {
              "precision": 0.2720797720797721,
              "recall": 0.2390488110137672,
              "f1": 0.25449700199866754
            },
            "negative": {
              "precision": 0.11811023622047244,
              "recall": 0.11450381679389313,
              "f1": 0.11627906976744186
            }
          }
        }
      }
    },
    {
      "data": "downloads/silviolima/electronics.json",
      "aspect+sentiment+polarity": {
        "micro": {
          "precision": 0.21748878923766815,
          "recall": 0.175050755695917,
          "f1": 0.19397575303087114
        }
      },
      "aspect": {
        "micro": {
          "precision": 0.5033602150537635,
          "recall": 0.3991473487876366,
          "f1": 0.4452370337345817
        },
        "soft": {
          "precision": 0.5002771618625277,
          "recall": 0.4066231133138094,
          "f1": 0.4486143904560706
        }
      },
      "sentiment": {
        "micro": {
          "precision": 0.38214496169711254,
          "recall": 0.3048895157498825,
          "f1": 0.33917364016736407
        }
      },
      "polarity": {
        "micro": {
          "precision": 0.8890030832476875,
          "recall": 0.8273553323768532,
          "f1": 0.8570720832301214
        },
        "macro": {
          "macro": {
            "precision": 0.12919793461015727,
            "recall": 0.10290935976374893,
            "f1": 0.11240277191932008
          },
          "per_class": {
            "negative": {
              "precision": 0.09329829172141918,
              "recall": 0.09847434119278779,
              "f1": 0.09581646423751686
            },
            "positive": {
              "precision": 0.2550798258345428,
              "recall": 0.1984194185718318,
              "f1": 0.22321003333862519
            },
            "neutral": {
              "precision": 0.0392156862745098,
              "recall": 0.011834319526627219,
              "f1": 0.01818181818181818
            }
          }
        }
      }
    },
    {
      "data": "downloads/silviolima/fashion.json",
      "aspect+sentiment+polarity": {
        "micro": {
          "precision": 0.21624046657694032,
          "recall": 0.1841803591899121,
          "f1": 0.19892695006190672
        }
      },
      "aspect": {
        "micro": {
          "precision": 0.5403225806451613,
          "recall": 0.4193115780062584,
          "f1": 0.47218726403221745
        },
        "soft": {
          "precision": 0.5053523639607493,
          "recall": 0.43211289092295957,
          "f1": 0.4658717105263158
        }
      },
      "sentiment": {
        "micro": {
          "precision": 0.3851224105461394,
          "recall": 0.3285140562248996,
          "f1": 0.35457303857824013
        }
      },
      "polarity": {
        "micro": {
          "precision": 0.879222972972973,
          "recall": 0.8151918559122945,
          "f1": 0.8459975619666802
        },
        "macro": {
          "macro": {
            "precision": 0.1346472467377768,
            "recall": 0.1110696271606361,
            "f1": 0.12046057449778895
          },
          "per_class": {
            "negative": {
              "precision": 0.09090909090909091,
              "recall": 0.09164969450101833,