{
  "train_loss": [
    2.2452996913452594,
    1.1333110409173353,
    0.9937913710610908
  ],
  "val_loss": [
    2.7112648725509643,
    0.27715436816215516,
    0.25398228764534
  ],
  "val": [
    {
      "epoch": 0,
      "aspect+sentiment+polarity": {
        "micro": {
          "precision": 0.0,
          "recall": 0.0,
          "f1": 0.0
        }
      }
    },
    {
      "epoch": 1,
      "aspect+sentiment+polarity": {
        "micro": {
          "precision": 0.5520231213872833,
          "recall": 0.3315972222222222,
          "f1": 0.41431670281995664
        }
      }
    },
    {
      "epoch": 2,
      "aspect+sentiment+polarity": {
        "micro": {
          "precision": 0.5298013245033113,
          "recall": 0.5555555555555556,
          "f1": 0.5423728813559322
        }
      }
    }
  ]
}