{
  "train_loss": [],
  "val_loss": [],
  "val": [],
  "test": [
    {
      "data": "downloads/silviolima/laptop.json",
      "aspect+sentiment+polarity": {
        "micro": {
          "precision": 0.43440233236151604,
          "recall": 0.3851788022404136,
          "f1": 0.408312400091345
        }
      },
      "aspect": {
        "micro": {
          "precision": 0.6016042780748663,
          "recall": 0.5594231725509696,
          "f1": 0.5797474877608862
        },
        "soft": {
          "precision": 0.622286541244573,
          "recall": 0.5543618392780404,
          "f1": 0.5863636363636363
        }
      },
      "sentiment": {
        "micro": {
          "precision": 0.7460567823343849,
          "recall": 0.7063215530114485,
          "f1": 0.7256456149322424
        }
      },
      "polarity": {
        "micro": {
          "precision": 0.8534423994546694,
          "recall": 0.828042328042328,
          "f1": 0.8405505203088284
        },
        "macro": {
          "macro": {
            "precision": 0.36755492332436734,
            "recall": 0.29274097778831326,
            "f1": 0.309723894433664
          },
          "per_class": {
            "negative": {
              "precision": 0.4597014925373134,
              "recall": 0.40794701986754967,
              "f1": 0.432280701754386
            },
            "neutral": {
              "precision": 0.21428571428571427,
              "recall": 0.04,
              "f1": 0.06741573033707865
            },
            "positive": {
              "precision": 0.42867756315007427,
              "recall": 0.43027591349739003,
              "f1": 0.42947525120952734
            }
          }
        }
      }
    },
    {
      "data": "downloads/silviolima/beauty.json",
      "aspect+sentiment+polarity": {
        "micro": {
          "precision": 0.23353293413173654,
          "recall": 0.17859187178019462,
          "f1": 0.20240025948751217
        }
      },
      "aspect": {
        "micro": {
          "precision": 0.5352941176470588,
          "recall": 0.3872340425531915,
          "f1": 0.44938271604938274
        },
        "soft": {
          "precision": 0.4996309963099631,
          "recall": 0.3866362078812107,
          "f1": 0.43593045717965223
        }
      },
      "sentiment": {
        "micro": {
          "precision": 0.4211764705882353,
          "recall": 0.3192627824019025,
          "f1": 0.3632059519783564
        }
      },
      "polarity": {
        "micro": {
          "precision": 0.9245014245014245,
          "recall": 0.8439531859557867,
          "f1": 0.8823929299796057
        },
        "macro": {
          "macro": {
            "precision": 0.14539321440912453,
            "recall": 0.1014459786396303,
            "f1": 0.11476247732442929
          },
          "per_class": {
            "negative": {
              "precision": 0.09424083769633508,
              "recall": 0.09045226130653267,
              "f1": 0.09230769230769231
            },
            "neutral": {
              "precision": 0.08333333333333333,
              "recall": 0.017241379310344827,
              "f1": 0.028571428571428574
            },
            "positive": {
              "precision": 0.2586054721977052,
              "recall": 0.1966442953020134,
              "f1": 0.22340831109416698
            }
          }
        }
      }
    },
    {
      "data": "downloads/silviolima/book.json",
      "aspect+sentiment+polarity": {
        "micro": {
          "precision": 0.21554770318021202,
          "recall": 0.18788501026694046,
          "f1": 0.20076796489303345
        }
      },
      "aspect": {
        "micro": {
          "precision": 0.4907801418439716,
          "recall": 0.42246642246642246,
          "f1": 0.4540682414698163
        },
        "soft": {
          "precision": 0.4823943661971831,
          "recall": 0.4219712525667351,
          "f1": 0.4501642935377876
        }
      },
      "sentiment": {
        "micro": {
          "precision": 0.38847117794486213,
          "recall": 0.3344120819848975,
          "f1": 0.3594202898550725
        }
      },
      "polarity": {
        "micro": {
          "precision": 0.9112709832134293,
          "recall": 0.8296943231441049,
          "f1": 0.8685714285714285
        },
        "macro": {
          "macro": {
            "precision": 0.11386994525021611,
            "recall": 0.10187352511249749,
            "f1": 0.1075369830183694
          },
          "per_class": {
            "negative": {
              "precision": 0.10344827586206896,
              "recall": 0.0916030534351145,
              "f1": 0.09716599190283401
            },
            "neutral": {
              "precision": 0.0,
              "recall": 0.0,
              "f1": 0.0
            },
            "positive": {
              "precision": 0.2381615598885794,
              "recall": 0.21401752190237797,
              "f1": 0.22544495715227425
            }
          }
        }
      }
    },
    {
      "data": "downloads/silviolima/electronics.json",
      "aspect+sentiment+polarity": {
        "micro": {
          "precision": 0.2056404230317274,
          "recall": 0.15790660951951274,
          "f1": 0.17863978563225727
        }
      },
      "aspect": {
        "micro": {
          "precision": 0.5085531004989309,
          "recall": 0.3802291500133227,
          "f1": 0.4351273059917671
        },
        "soft": {
          "precision": 0.5026178010471204,
          "recall": 0.3892768641585943,
          "f1": 0.4387457153738733
        }
      },
      "sentiment": {
        "micro": {
          "precision": 0.3749231714812538,
          "recall": 0.2867889045604137,
          "f1": 0.32498668087373467
        }
      },
      "polarity": {
        "micro": {
          "precision": 0.8945147679324894,
          "recall": 0.8110951697752271,
          "f1": 0.8507649862051667
        },
        "macro": {
          "macro": {
            "precision": 0.12125532598521994,
            "recall": 0.09244496284061621,
            "f1": 0.1037477556710266
          },
          "per_class": {
            "negative": {
              "precision": 0.09267563527653214,
              "recall": 0.08599167822468794,
              "f1": 0.0892086330935252
            },
            "neutral": {
              "precision": 0.03333333333333333,
              "recall": 0.011834319526627219,
              "f1": 0.017467248908296942
            },
            "positive": {
              "precision": 0.23775700934579438,
              "recall": 0.17950889077053345,
              "f1": 0.20456738501125765
            }
          }
        }
      }
    },
    {
      "data": "downloads/silviolima/fashion.json",
      "aspect+sentiment+polarity": {
        "micro": {
          "precision": 0.19080779944289694,
          "recall": 0.15705005731753915,
          "f1": 0.17229092433452103
        }
      },
      "aspect": {
        "micro": {
          "precision": 0.535219747140277,
          "recall": 0.39740724184175236,
          "f1": 0.4561313494099538
        },
        "soft": {
          "precision": 0.4979386165826844,
          "recall": 0.41456903127383676,
          "f1": 0.45244536940686786
        }
      },
      "sentiment": {
        "micro": {
          "precision": 0.36262135922330097,
          "recall": 0.3,
          "f1": 0.3283516483516483
        }
      },
      "polarity": {
        "micro": {
          "precision": 0.8843830888697153,
          "recall": 0.8026624902114331,
          "f1": 0.8415435139573072
        },
        "macro": {
          "macro": {
            "precision": 0.11769322103967773,
            "recall": 0.09406016263114435,
            "f1": 0.10345247792424911
          },
          "per_class": {
            "negative": {
              "precision": 0.08791208791208792,
              "recall": 0.0814663951120163,
              "f1": 0.08456659619450319
            },