{
  "train_loss": [],
  "val_loss": [],
  "val": [],
  "test": [
    {
      "data": "downloads/silviolima/laptop.json",
      "aspect+sentiment+polarity": {
        "micro": {
          "precision": 0.4120956399437412,
          "recall": 0.3787160706591986,
          "f1": 0.39470139200718457
        }
      },
      "aspect": {
        "micro": {
          "precision": 0.5782563025210085,
          "recall": 0.5474888115365489,
          "f1": 0.5624521072796935
        },
        "soft": {
          "precision": 0.593416782568382,
          "recall": 0.5500644606789858,
          "f1": 0.5709188224799285
        }
      },
      "sentiment": {
        "micro": {
          "precision": 0.723997970573313,
          "recall": 0.7103036336485814,
          "f1": 0.7170854271356785
        }
      },
      "polarity": {
        "micro": {
          "precision": 0.8568521031207599,
          "recall": 0.8353174603174603,
          "f1": 0.8459477561955793
        },
        "macro": {
          "macro": {
            "precision": 0.3308025473035167,
            "recall": 0.2837702416403692,
            "f1": 0.2916122326052888
          },
          "per_class": {
            "positive": {
              "precision": 0.41551849166062366,
              "recall": 0.4272930648769575,
              "f1": 0.4213235294117647
            },
            "neutral": {
              "precision": 0.15789473684210525,
              "recall": 0.02666666666666667,
              "f1": 0.045627376425855515
            },
            "negative": {
              "precision": 0.41899441340782123,
              "recall": 0.3973509933774834,
              "f1": 0.4078857919782461
            }
          }
        }
      }
    },
    {
      "data": "downloads/silviolima/beauty.json",
      "aspect+sentiment+polarity": {
        "micro": {
          "precision": 0.22655122655122656,
          "recall": 0.1797366914710933,
          "f1": 0.20044685604851578
        }
      },
      "aspect": {
        "micro": {
          "precision": 0.5142332415059688,
          "recall": 0.3971631205673759,
          "f1": 0.44817927170868355
        },
        "soft": {
          "precision": 0.4790035587188612,
          "recall": 0.384351798972016,
          "f1": 0.42648922686945495
        }
      },
      "sentiment": {
        "micro": {
          "precision": 0.4054257724189902,
          "recall": 0.31985731272294887,
          "f1": 0.35759388501163175
        }
      },
      "polarity": {
        "micro": {
          "precision": 0.9029126213592233,
          "recall": 0.846553966189857,
          "f1": 0.8738255033557046
        },
        "macro": {
          "macro": {
            "precision": 0.1571937321937322,
            "recall": 0.1047960623917241,
            "f1": 0.1162946268209426
          },
          "per_class": {
            "positive": {
              "precision": 0.2504273504273504,
              "recall": 0.1966442953020134,
              "f1": 0.22030075187969925
            },
            "neutral": {
              "precision": 0.125,
              "recall": 0.017241379310344827,
              "f1": 0.0303030303030303
            },
            "negative": {
              "precision": 0.09615384615384616,
              "recall": 0.10050251256281408,
              "f1": 0.09828009828009829
            }
          }
        }
      }
    },
    {
      "data": "downloads/silviolima/book.json",
      "aspect+sentiment+polarity": {
        "micro": {
          "precision": 0.21800947867298578,
          "recall": 0.188911704312115,
          "f1": 0.20242024202420242
        }
      },
      "aspect": {
        "micro": {
          "precision": 0.48034934497816595,
          "recall": 0.40293040293040294,
          "f1": 0.4382470119521913
        },
        "soft": {
          "precision": 0.47591069330199764,
          "recall": 0.41581108829568786,
          "f1": 0.4438356164383562
        }
      },
      "sentiment": {
        "micro": {
          "precision": 0.40382165605095544,
          "recall": 0.3419633225458468,
          "f1": 0.3703271028037383
        }
      },
      "polarity": {
        "micro": {
          "precision": 0.9148936170212766,
          "recall": 0.8449781659388647,
          "f1": 0.8785471055618616
        },
        "macro": {
          "macro": {
            "precision": 0.11686331347993145,
            "recall": 0.10654539548481402,
            "f1": 0.11145426202080705
          },
          "per_class": {
            "positive": {
              "precision": 0.23676880222841226,
              "recall": 0.2127659574468085,
              "f1": 0.22412656558998023
            },
            "neutral": {
              "precision": 0.0,
              "recall": 0.0,
              "f1": 0.0
            },
            "negative": {
              "precision": 0.11382113821138211,
              "recall": 0.10687022900763359,
              "f1": 0.11023622047244093
            }
          }
        }
      }
    },
    {
      "data": "downloads/silviolima/electronics.json",
      "aspect+sentiment+polarity": {
        "micro": {
          "precision": 0.21490613617259738,
          "recall": 0.17302052785923755,
          "f1": 0.19170207448137966
        }
      },
      "aspect": {
        "micro": {
          "precision": 0.49549849949983327,
          "recall": 0.39594990674127367,
          "f1": 0.44016587677725116
        },
        "soft": {
          "precision": 0.49235898860794663,
          "recall": 0.39918900653300293,
          "f1": 0.44090569793480966
        }
      },
      "sentiment": {
        "micro": {
          "precision": 0.38391278727165584,
          "recall": 0.3062999529854255,
          "f1": 0.3407426778242678
        }
      },
      "polarity": {
        "micro": {
          "precision": 0.8926728586171311,
          "recall": 0.8273553323768532,
          "f1": 0.8587738893025565
        },
        "macro": {
          "macro": {
            "precision": 0.13832123528435894,
            "recall": 0.10648148318658303,
            "f1": 0.11577857853045738
          },
          "per_class": {
            "positive": {
              "precision": 0.24656543745480838,
              "recall": 0.19249223821620096,
              "f1": 0.21619908067839594
            },
            "neutral": {
              "precision": 0.06060606060606061,
              "recall": 0.011834319526627219,
              "f1": 0.019801980198019802
            },
            "negative": {
              "precision": 0.10779220779220779,
              "recall": 0.11511789181692095,
              "f1": 0.11133467471495641
            }
          }
        }
      }
    },
    {
      "data": "downloads/silviolima/fashion.json",
      "aspect+sentiment+polarity": {
        "micro": {
          "precision": 0.21643466546924114,
          "recall": 0.1841803591899121,
          "f1": 0.199009083402147
        }
      },
      "aspect": {
        "micro": {
          "precision": 0.5410490307867731,
          "recall": 0.4242288779615557,
          "f1": 0.47557003257329
        },
        "soft": {
          "precision": 0.504,
          "recall": 0.43249427917620137,
          "f1": 0.46551724137931033
        }
      },
      "sentiment": {
        "micro": {
          "precision": 0.37505904581955596,
          "recall": 0.3188755020080321,
          "f1": 0.34469285869329286
        }
      },
      "polarity": {
        "micro": {
          "precision": 0.8739495798319328,
          "recall": 0.8144087705559906,
          "f1": 0.8431293068504255
        },
        "macro": {
          "macro": {
            "precision": 0.1314116808204442,
            "recall": 0.11036787068761555,
            "f1": 0.11773887127445654
          },
          "per_class": {
            "positive": {
              "precision": 0.2508813160987074,
              "recall": 0.21264940239043825,