{
  "train_loss": [],
  "val_loss": [],
  "val": [],
  "test": [
    {
      "data": "downloads/ABSADatasets/datasets/aste_datasets/400.SemEval/402.Restaurant14/test.txt",
      "aspect+sentiment+polarity": {
        "micro": {
          "precision": 0.7147368421052631,
          "recall": 0.6830985915492958,
          "f1": 0.698559670781893
        }
      }
    },
    {
      "data": "downloads/ABSADatasets/datasets/aste_datasets/400.SemEval/401.Laptop14/test.txt",
      "aspect+sentiment+polarity": {
        "micro": {
          "precision": 0.49502982107355864,
          "recall": 0.4602587800369686,
          "f1": 0.47701149425287354
        }
      }
    }
  ]
}